,first_name,last_name,position,score,strokes,full_name,rounds
1,Patrick,Reed,1,-14,202,patrickreed,"[{'score': -3, 'strokes': 69, 'thru': 18, 'eagles': 0, 'birdies': 5, 'pars': 11, 'bogeys': 2, 'double_bogeys': 0, 'other_scores': 0, 'holes_in_one': 0, 'sequence': 1}, {'score': -6, 'strokes': 66, 'thru': 18, 'eagles': 0, 'birdies': 9, 'pars': 6, 'bogeys': 3, 'double_bogeys': 0, 'other_scores': 0, 'holes_in_one': 0, 'sequence': 2}, {'score': -5, 'strokes': 67, 'thru': 18, 'eagles': 2, 'birdies': 4, 'pars': 9, 'bogeys': 3, 'double_bogeys': 0, 'other_scores': 0, 'holes_in_one': 0, 'sequence': 3}, {'score': 0, 'strokes': 0, 'thru': 0, 'eagles': 0, 'birdies': 0, 'pars': 0, 'bogeys': 0, 'double_bogeys': 0, 'other_scores': 0, 'holes_in_one': 0, 'sequence': 4}]"
2,Rory,McIlroy,2,-11,205,rorymcilroy,"[{'score': -3, 'strokes': 69, 'thru': 18, 'eagles': 0, 'birdies': 4, 'pars': 13, 'bogeys': 1, 'double_bogeys': 0, 'other_scores': 0, 'holes_in_one': 0, 'sequence': 1}, {'score': -1, 'strokes': 71, 'thru': 18, 'eagles': 0, 'birdies': 4, 'pars': 11, 'bogeys': 3, 'double_bogeys': 0, 'other_scores': 0, 'holes_in_one': 0, 'sequence': 2}, {'score': -7, 'strokes': 65, 'thru': 18, 'eagles': 1, 'birdies': 5, 'pars': 12, 'bogeys': 0, 'double_bogeys': 0, 'other_scores': 0, 'holes_in_one': 0, 'sequence': 3}, {'score': 0, 'strokes': 0, 'thru': 0, 'eagles': 0, 'birdies': 0, 'pars': 0, 'bogeys': 0, 'double_bogeys': 0, 'other_scores': 0, 'holes_in_one': 0, 'sequence': 4}]"
3,Rickie,Fowler,3,-9,207,rickiefowler,"[{'score': -2, 'strokes': 70, 'thru': 18, 'eagles': 0, 'birdies': 4, 'pars': 12, 'bogeys': 2, 'double_bogeys': 0, 'other_scores': 0, 'holes_in_one': 0, 'sequence': 1}, {'score': 0, 'strokes': 72, 'thru': 18, 'eagles': 0, 'birdies': 3, 'pars': 12, 'bogeys': 3, 'double_bogeys': 0, 'other_scores': 0, 'holes_in_one': 0, 'sequence': 2}, {'score': -7, 'strokes': 65, 'thru': 18, 'eagles': 1, 'birdies': 5, 'pars': 12, 'bogeys': 0, 'double_bogeys': 0, 'other_scores': 0, 'holes_in_one': 0, 'sequence': 3}, {'score': 0, 'strokes': 0, 'thru': 0, 'eagles': 0, 'birdies': 0, 'pars': 0, 'bogeys': 0, 'double_bogeys': 0, 'other_scores': 0, 'holes_in_one': 0, 'sequence': 4}]"
4,Jon,Rahm,4,-8,208,jonrahm,"[{'score': 3, 'strokes': 75, 'thru': 18, 'eagles': 0, 'birdies': 3, 'pars': 10, 'bogeys': 4, 'double_bogeys': 1, 'other_scores': 0, 'holes_in_one': 0, 'sequence': 1}, {'score': -4, 'strokes': 68, 'thru': 18, 'eagles': 1, 'birdies': 4, 'pars': 11, 'bogeys': 2, 'double_bogeys': 0, 'other_scores': 0, 'holes_in_one': 0, 'sequence': 2}, {'score': -7, 'strokes': 65, 'thru': 18, 'eagles': 1, 'birdies': 5, 'pars': 12, 'bogeys': 0, 'double_bogeys': 0, 'other_scores': 0, 'holes_in_one': 0, 'sequence': 3}, {'score': 0, 'strokes': 0, 'thru': 0, 'eagles': 0, 'birdies': 0, 'pars': 0, 'bogeys': 0, 'double_bogeys': 0, 'other_scores': 0, 'holes_in_one': 0, 'sequence': 4}]"
5,Henrik,Stenson,5,-7,209,henrikstenson,"[{'score': -3, 'strokes': 69, 'thru': 18, 'eagles': 0, 'birdies': 5, 'pars': 11, 'bogeys': 2, 'double_bogeys': 0, 'other_scores': 0, 'holes_in_one': 0, 'sequence': 1}, {'score': -2, 'strokes': 70, 'thru': 18, 'eagles': 0, 'birdies': 5, 'pars': 10, 'bogeys': 3, 'double_bogeys': 0, 'other_scores': 0, 'holes_in_one': 0, 'sequence': 2}, {'score': -2, 'strokes': 70, 'thru': 18, 'eagles': 0, 'birdies': 3, 'pars': 14, 'bogeys': 1, 'double_bogeys': 0, 'other_scores': 0, 'holes_in_one': 0, 'sequence': 3}, {'score': 0, 'strokes': 0, 'thru': 0, 'eagles': 0, 'birdies': 0, 'pars': 0, 'bogeys': 0, 'double_bogeys': 0, 'other_scores': 0, 'holes_in_one': 0, 'sequence': 4}]"
6,Tommy,Fleetwood,6,-6,210,tommyfleetwood,"[{'score': 0, 'strokes': 72, 'thru': 18, 'eagles': 0, 'birdies': 5, 'pars': 8, 'bogeys': 5, 'double_bogeys': 0, 'other_scores': 0, 'holes_in_one': 0, 'sequence': 1}, {'score': 0, 'strokes': 72, 'thru': 18, 'eagles': 0, 'birdies': 3, 'pars': 12, 'bogeys': 3, 'double_bogeys': 0, 'other_scores': 0, 'holes_in_one': 0, 'sequence': 2}, {'score': -6, 'strokes': 66, 'thru': 18, 'eagles': 0, 'birdies': 7, 'pars': 10, 'bogeys': 1, 'double_bogeys': 0, 'other_scores': 0, 'holes_in_one': 0, 'sequence': 3}, {'score': 0, 'strokes': 0, 'thru': 0, 'eagles': 0, 'birdies': 0, 'pars': 0, 'bogeys': 0, 'double_bogeys': 0, 'other_scores': 0, 'holes_in_one': 0, 'sequence': 4}]"
7,Marc,Leishman,6,-6,210,marcleishman,"[{'score': -2, 'strokes': 70, 'thru': 18, 'eagles': 0, 'birdies': 4, 'pars': 13, 'bogeys': 0, 'double_bogeys': 1, 'other_scores': 0, 'holes_in_one': 0, 'sequence': 1}, {'score': -5, 'strokes': 67, 'thru': 18, 'eagles': 1, 'birdies': 4, 'pars': 12, 'bogeys': 1, 'double_bogeys': 0, 'other_scores': 0, 'holes_in_one': 0, 'sequence': 2}, {'score': 1, 'strokes': 73, 'thru': 18, 'eagles': 0, 'birdies': 0, 'pars': 17, 'bogeys': 1, 'double_bogeys': 0, 'other_scores': 0, 'holes_in_one': 0, 'sequence': 3}, {'score': 0, 'strokes': 0, 'thru': 0, 'eagles': 0, 'birdies': 0, 'pars': 0, 'bogeys': 0, 'double_bogeys': 0, 'other_scores': 0, 'holes_in_one': 0, 'sequence': 4}]"
8,Bubba,Watson,6,-6,210,bubbawatson,"[{'score': 1, 'strokes': 73, 'thru': 18, 'eagles': 0, 'birdies': 1, 'pars': 15, 'bogeys': 2, 'double_bogeys': 0, 'other_scores': 0, 'holes_in_one': 0, 'sequence': 1}, {'score': -3, 'strokes': 69, 'thru': 18, 'eagles': 0, 'birdies': 5, 'pars': 11, 'bogeys': 2, 'double_bogeys': 0, 'other_scores': 0, 'holes_in_one': 0, 'sequence': 2}, {'score': -4, 'strokes': 68, 'thru': 18, 'eagles': 0, 'birdies': 7, 'pars': 8, 'bogeys': 3, 'double_bogeys': 0, 'other_scores': 0, 'holes_in_one': 0, 'sequence': 3}, {'score': 0, 'strokes': 0, 'thru': 0, 'eagles': 0, 'birdies': 0, 'pars': 0, 'bogeys': 0, 'double_bogeys': 0, 'other_scores': 0, 'holes_in_one': 0, 'sequence': 4}]"
9,Justin,Thomas,9,-5,211,justinthomas,"[{'score': 2, 'strokes': 74, 'thru': 18, 'eagles': 0, 'birdies': 3, 'pars': 11, 'bogeys': 3, 'double_bogeys': 1, 'other_scores': 0, 'holes_in_one': 0, 'sequence': 1}, {'score': -5, 'strokes': 67, 'thru': 18, 'eagles': 0, 'birdies': 6, 'pars': 11, 'bogeys': 1, 'double_bogeys': 0, 'other_scores': 0, 'holes_in_one': 0, 'sequence': 2}, {'score': -2, 'strokes': 70, 'thru': 18, 'eagles': 0, 'birdies': 3, 'pars': 14, 'bogeys': 1, 'double_bogeys': 0, 'other_scores': 0, 'holes_in_one': 0, 'sequence': 3}, {'score': 0, 'strokes': 0, 'thru': 0, 'eagles': 0, 'birdies': 0, 'pars': 0, 'bogeys': 0, 'double_bogeys': 0, 'other_scores': 0, 'holes_in_one': 0, 'sequence': 4}]"
10,Jordan,Spieth,9,-5,211,jordanspieth,"[{'score': -6, 'strokes': 66, 'thru': 18, 'eagles': 1, 'birdies': 7, 'pars': 7, 'bogeys': 3, 'double_bogeys': 0, 'other_scores': 0, 'holes_in_one': 0, 'sequence': 1}, {'score': 2, 'strokes': 74, 'thru': 18, 'eagles': 0, 'birdies': 2, 'pars': 13, 'bogeys': 2, 'double_bogeys': 1, 'other_scores': 0, 'holes_in_one': 0, 'sequence': 2}, {'score': -1, 'strokes': 71, 'thru': 18, 'eagles': 0, 'birdies': 3, 'pars': 13, 'bogeys': 2, 'double_bogeys': 0, 'other_scores': 0, 'holes_in_one': 0, 'sequence': 3}, {'score': 0, 'strokes': 0, 'thru': 0, 'eagles': 0, 'birdies': 0, 'pars': 0, 'bogeys': 0, 'double_bogeys': 0, 'other_scores': 0, 'holes_in_one': 0, 'sequence': 4}]"
11,Dustin,Johnson,11,-4,212,dustinjohnson,"[{'score': 1, 'strokes': 73, 'thru': 18, 'eagles': 0, 'birdies': 3, 'pars': 11, 'bogeys': 4, 'double_bogeys': 0, 'other_scores': 0, 'holes_in_one': 0, 'sequence': 1}, {'score': -4, 'strokes': 68, 'thru': 18, 'eagles': 1, 'birdies': 3, 'pars': 13, 'bogeys': 1, 'double_bogeys': 0, 'other_scores': 0, 'holes_in_one': 0, 'sequence': 2}, {'score': -1, 'strokes': 71, 'thru': 18, 'eagles': 0, 'birdies': 4, 'pars': 12, 'bogeys': 1, 'double_bogeys': 1, 'other_scores': 0, 'holes_in_one': 0, 'sequence': 3}, {'score': 0, 'strokes': 0, 'thru': 0, 'eagles': 0, 'birdies': 0, 'pars': 0, 'bogeys': 0, 'double_bogeys': 0, 'other_scores': 0, 'holes_in_one': 0, 'sequence': 4}]"
12,Louis,Oosthuizen,12,-3,217,louisoosthuizen,"[{'score': -1, 'strokes': 71, 'thru': 18, 'eagles': 0, 'birdies': 6, 'pars': 7, 'bogeys': 5, 'double_bogeys': 0, 'other_scores': 0, 'holes_in_one': 0, 'sequence': 1}, {'score': -1, 'strokes': 71, 'thru': 18, 'eagles': 0, 'birdies': 3, 'pars': 13, 'bogeys': 2, 'double_bogeys': 0, 'other_scores': 0, 'holes_in_one': 0, 'sequence': 2}, {'score': -1, 'strokes': 71, 'thru': 18, 'eagles': 0, 'birdies': 3, 'pars': 13, 'bogeys': 2, 'double_bogeys': 0, 'other_scores': 0, 'holes_in_one': 0, 'sequence': 3}, {'score': 0, 'strokes': 4, 'thru': 1, 'eagles': 0, 'birdies': 0, 'pars': 1, 'bogeys': 0, 'double_bogeys': 0, 'other_scores': 0, 'holes_in_one': 0, 'sequence': 4}]"
13,Cameron,Smith,12,-3,213,cameronsmith,"[{'score': -1, 'strokes': 71, 'thru': 18, 'eagles': 0, 'birdies': 2, 'pars': 15, 'bogeys': 1, 'double_bogeys': 0, 'other_scores': 0, 'holes_in_one': 0, 'sequence': 1}, {'score': 0, 'strokes': 72, 'thru': 18, 'eagles': 0, 'birdies': 3, 'pars': 12, 'bogeys': 3, 'double_bogeys': 0, 'other_scores': 0, 'holes_in_one': 0, 'sequence': 2}, {'score': -2, 'strokes': 70, 'thru': 18, 'eagles': 0, 'birdies': 4, 'pars': 12, 'bogeys': 2, 'double_bogeys': 0, 'other_scores': 0, 'holes_in_one': 0, 'sequence': 3}, {'score': 0, 'strokes': 0, 'thru': 0, 'eagles': 0, 'birdies': 0, 'pars': 0, 'bogeys': 0, 'double_bogeys': 0, 'other_scores': 0, 'holes_in_one': 0, 'sequence': 4}]"
14,Charley,Hoffman,12,-3,229,charleyhoffman,"[{'score': -3, 'strokes': 69, 'thru': 18, 'eagles': 0, 'birdies': 5, 'pars': 11, 'bogeys': 2, 'double_bogeys': 0, 'other_scores': 0, 'holes_in_one': 0, 'sequence': 1}, {'score': 1, 'strokes': 73, 'thru': 18, 'eagles': 0, 'birdies': 3, 'pars': 12, 'bogeys': 2, 'double_bogeys': 1, 'other_scores': 0, 'holes_in_one': 0, 'sequence': 2}, {'score': 1, 'strokes': 73, 'thru': 18, 'eagles': 0, 'birdies': 3, 'pars': 11, 'bogeys': 4, 'double_bogeys': 0, 'other_scores': 0, 'holes_in_one': 0, 'sequence': 3}, {'score': -2, 'strokes': 14, 'thru': 4, 'eagles': 0, 'birdies': 2, 'pars': 2, 'bogeys': 0, 'double_bogeys': 0, 'other_scores': 0, 'holes_in_one': 0, 'sequence': 4}]"
15,Justin,Rose,12,-3,217,justinrose,"[{'score': 0, 'strokes': 72, 'thru': 18, 'eagles': 0, 'birdies': 3, 'pars': 12, 'bogeys': 3, 'double_bogeys': 0, 'other_scores': 0, 'holes_in_one': 0, 'sequence': 1}, {'score': -2, 'strokes': 70, 'thru': 18, 'eagles': 0, 'birdies': 6, 'pars': 8, 'bogeys': 4, 'double_bogeys': 0, 'other_scores': 0, 'holes_in_one': 0, 'sequence': 2}, {'score': -1, 'strokes': 71, 'thru': 18, 'eagles': 0, 'birdies': 4, 'pars': 11, 'bogeys': 3, 'double_bogeys': 0, 'other_scores': 0, 'holes_in_one': 0, 'sequence': 3}, {'score': 0, 'strokes': 4, 'thru': 1, 'eagles': 0, 'birdies': 0, 'pars': 1, 'bogeys': 0, 'double_bogeys': 0, 'other_scores': 0, 'holes_in_one': 0, 'sequence': 4}]"
16,Webb,Simpson,12,-3,253,webbsimpson,"[{'score': 4, 'strokes': 76, 'thru': 18, 'eagles': 0, 'birdies': 2, 'pars': 10, 'bogeys': 6, 'double_bogeys': 0, 'other_scores': 0, 'holes_in_one': 0, 'sequence': 1}, {'score': 1, 'strokes': 73, 'thru': 18, 'eagles': 0, 'birdies': 4, 'pars': 9, 'bogeys': 5, 'double_bogeys': 0, 'other_scores': 0, 'holes_in_one': 0, 'sequence': 2}, {'score': -2, 'strokes': 70, 'thru': 18, 'eagles': 0, 'birdies': 5, 'pars': 10, 'bogeys': 3, 'double_bogeys': 0, 'other_scores': 0, 'holes_in_one': 0, 'sequence': 3}, {'score': -6, 'strokes': 34, 'thru': 10, 'eagles': 2, 'birdies': 2, 'pars': 6, 'bogeys': 0, 'double_bogeys': 0, 'other_scores': 0, 'holes_in_one': 0, 'sequence': 4}]"
17,Hideki,Matsuyama,17,-2,241,hidekimatsuyama,"[{'score': 1, 'strokes': 73, 'thru': 18, 'eagles': 0, 'birdies': 1, 'pars': 16, 'bogeys': 0, 'double_bogeys': 1, 'other_scores': 0, 'holes_in_one': 0, 'sequence': 1}, {'score': -1, 'strokes': 71, 'thru': 18, 'eagles': 0, 'birdies': 4, 'pars': 11, 'bogeys': 3, 'double_bogeys': 0, 'other_scores': 0, 'holes_in_one': 0, 'sequence': 2}, {'score': 0, 'strokes': 72, 'thru': 18, 'eagles': 0, 'birdies': 3, 'pars': 12, 'bogeys': 3, 'double_bogeys': 0, 'other_scores': 0, 'holes_in_one': 0, 'sequence': 3}, {'score': -2, 'strokes': 25, 'thru': 7, 'eagles': 0, 'birdies': 3, 'pars': 3, 'bogeys': 1, 'double_bogeys': 0, 'other_scores': 0, 'holes_in_one': 0, 'sequence': 4}]"
18,Tony,Finau,17,-2,230,tonyfinau,"[{'score': -4, 'strokes': 68, 'thru': 18, 'eagles': 0, 'birdies': 6, 'pars': 10, 'bogeys': 2, 'double_bogeys': 0, 'other_scores': 0, 'holes_in_one': 0, 'sequence': 1}, {'score': 2, 'strokes': 74, 'thru': 18, 'eagles': 0, 'birdies': 1, 'pars': 14, 'bogeys': 3, 'double_bogeys': 0, 'other_scores': 0, 'holes_in_one': 0, 'sequence': 2}, {'score': 1, 'strokes': 73, 'thru': 18, 'eagles': 0, 'birdies': 3, 'pars': 11, 'bogeys': 4, 'double_bogeys': 0, 'other_scores': 0, 'holes_in_one': 0, 'sequence': 3}, {'score': -1, 'strokes': 15, 'thru': 4, 'eagles': 0, 'birdies': 1, 'pars': 3, 'bogeys': 0, 'double_bogeys': 0, 'other_scores': 0, 'holes_in_one': 0, 'sequence': 4}]"
19,Jimmy,Walker,19,-1,224,jimmywalker,"[{'score': 1, 'strokes': 73, 'thru': 18, 'eagles': 0, 'birdies': 4, 'pars': 10, 'bogeys': 3, 'double_bogeys': 1, 'other_scores': 0, 'holes_in_one': 0, 'sequence': 1}, {'score': -1, 'strokes': 71, 'thru': 18, 'eagles': 0, 'birdies': 4, 'pars': 11, 'bogeys': 3, 'double_bogeys': 0, 'other_scores': 0, 'holes_in_one': 0, 'sequence': 2}, {'score': -1, 'strokes': 71, 'thru': 18, 'eagles': 0, 'birdies': 2, 'pars': 15, 'bogeys': 1, 'double_bogeys': 0, 'other_scores': 0, 'holes_in_one': 0, 'sequence': 3}, {'score': 0, 'strokes': 9, 'thru': 2, 'eagles': 0, 'birdies': 1, 'pars': 0, 'bogeys': 1, 'double_bogeys': 0, 'other_scores': 0, 'holes_in_one': 0, 'sequence': 4}]"
20,Russell,Henley,19,-1,242,russellhenley,"[{'score': 1, 'strokes': 73, 'thru': 18, 'eagles': 0, 'birdies': 4, 'pars': 9, 'bogeys': 5, 'double_bogeys': 0, 'other_scores': 0, 'holes_in_one': 0, 'sequence': 1}, {'score': 0, 'strokes': 72, 'thru': 18, 'eagles': 1, 'birdies': 4, 'pars': 8, 'bogeys': 4, 'double_bogeys': 1, 'other_scores': 0, 'holes_in_one': 0, 'sequence': 2}, {'score': -1, 'strokes': 71, 'thru': 18, 'eagles': 0, 'birdies': 4, 'pars': 11, 'bogeys': 3, 'double_bogeys': 0, 'other_scores': 0, 'holes_in_one': 0, 'sequence': 3}, {'score': -1, 'strokes': 26, 'thru': 7, 'eagles': 0, 'birdies': 2, 'pars': 4, 'bogeys': 1, 'double_bogeys': 0, 'other_scores': 0, 'holes_in_one': 0, 'sequence': 4}]"
21,Jason,Day,19,-1,224,jasonday,"[{'score': 3, 'strokes': 75, 'thru': 18, 'eagles': 0, 'birdies': 2, 'pars': 11, 'bogeys': 5, 'double_bogeys': 0, 'other_scores': 0, 'holes_in_one': 0, 'sequence': 1}, {'score': -1, 'strokes': 71, 'thru': 18, 'eagles': 0, 'birdies': 4, 'pars': 11, 'bogeys': 3, 'double_bogeys': 0, 'other_scores': 0, 'holes_in_one': 0, 'sequence': 2}, {'score': -3, 'strokes': 69, 'thru': 18, 'eagles': 0, 'birdies': 4, 'pars': 13, 'bogeys': 1, 'double_bogeys': 0, 'other_scores': 0, 'holes_in_one': 0, 'sequence': 3}, {'score': 0, 'strokes': 9, 'thru': 2, 'eagles': 0, 'birdies': 0, 'pars': 2, 'bogeys': 0, 'double_bogeys': 0, 'other_scores': 0, 'holes_in_one': 0, 'sequence': 4}]"
22,Matt,Kuchar,19,-1,224,mattkuchar,"[{'score': -4, 'strokes': 68, 'thru': 18, 'eagles': 0, 'birdies': 6, 'pars': 10, 'bogeys': 2, 'double_bogeys': 0, 'other_scores': 0, 'holes_in_one': 0, 'sequence': 1}, {'score': 3, 'strokes': 75, 'thru': 18, 'eagles': 0, 'birdies': 1, 'pars': 13, 'bogeys': 4, 'double_bogeys': 0, 'other_scores': 0, 'holes_in_one': 0, 'sequence': 2}, {'score': 0, 'strokes': 72, 'thru': 18, 'eagles': 0, 'birdies': 5, 'pars': 9, 'bogeys': 3, 'double_bogeys': 1, 'other_scores': 0, 'holes_in_one': 0, 'sequence': 3}, {'score': 0, 'strokes': 9, 'thru': 2, 'eagles': 0, 'birdies': 0, 'pars': 2, 'bogeys': 0, 'double_bogeys': 0, 'other_scores': 0, 'holes_in_one': 0, 'sequence': 4}]"
23,Matthew,Fitzpatrick,23,0,232,matthewfitzpatrick,"[{'score': 3, 'strokes': 75, 'thru': 18, 'eagles': 0, 'birdies': 2, 'pars': 12, 'bogeys': 3, 'double_bogeys': 1, 'other_scores': 0, 'holes_in_one': 0, 'sequence': 1}, {'score': 2, 'strokes': 74, 'thru': 18, 'eagles': 0, 'birdies': 3, 'pars': 10, 'bogeys': 5, 'double_bogeys': 0, 'other_scores': 0, 'holes_in_one': 0, 'sequence': 2}, {'score': -5, 'strokes': 67, 'thru': 18, 'eagles': 1, 'birdies': 4, 'pars': 12, 'bogeys': 1, 'double_bogeys': 0, 'other_scores': 0, 'holes_in_one': 0, 'sequence': 3}, {'score': 0, 'strokes': 16, 'thru': 4, 'eagles': 0, 'birdies': 0, 'pars': 4, 'bogeys': 0, 'double_bogeys': 0, 'other_scores': 0, 'holes_in_one': 0, 'sequence': 4}]"
24,Paul,Casey,23,0,243,paulcasey,"[{'score': 2, 'strokes': 74, 'thru': 18, 'eagles': 0, 'birdies': 3, 'pars': 10, 'bogeys': 5, 'double_bogeys': 0, 'other_scores': 0, 'holes_in_one': 0, 'sequence': 1}, {'score': 3, 'strokes': 75, 'thru': 18, 'eagles': 0, 'birdies': 2, 'pars': 11, 'bogeys': 5, 'double_bogeys': 0, 'other_scores': 0, 'holes_in_one': 0, 'sequence': 2}, {'score': -3, 'strokes': 69, 'thru': 18, 'eagles': 0, 'birdies': 4, 'pars': 13, 'bogeys': 1, 'double_bogeys': 0, 'other_scores': 0, 'holes_in_one': 0, 'sequence': 3}, {'score': -2, 'strokes': 25, 'thru': 7, 'eagles': 0, 'birdies': 2, 'pars': 5, 'bogeys': 0, 'double_bogeys': 0, 'other_scores': 0, 'holes_in_one': 0, 'sequence': 4}]"
25,Si Woo,Kim,23,0,232,siwookim,"[{'score': 3, 'strokes': 75, 'thru': 18, 'eagles': 0, 'birdies': 2, 'pars': 11, 'bogeys': 5, 'double_bogeys': 0, 'other_scores': 0, 'holes_in_one': 0, 'sequence': 1}, {'score': 1, 'strokes': 73, 'thru': 18, 'eagles': 0, 'birdies': 4, 'pars': 9, 'bogeys': 5, 'double_bogeys': 0, 'other_scores': 0, 'holes_in_one': 0, 'sequence': 2}, {'score': -4, 'strokes': 68, 'thru': 18, 'eagles': 0, 'birdies': 4, 'pars': 14, 'bogeys': 0, 'double_bogeys': 0, 'other_scores': 0, 'holes_in_one': 0, 'sequence': 3}, {'score': 0, 'strokes': 16, 'thru': 4, 'eagles': 0, 'birdies': 0, 'pars': 4, 'bogeys': 0, 'double_bogeys': 0, 'other_scores': 0, 'holes_in_one': 0, 'sequence': 4}]"
26,Bernd,Wiesberger,23,0,225,berndwiesberger,"[{'score': -2, 'strokes': 70, 'thru': 18, 'eagles': 0, 'birdies': 4, 'pars': 12, 'bogeys': 2, 'double_bogeys': 0, 'other_scores': 0, 'holes_in_one': 0, 'sequence': 1}, {'score': 1, 'strokes': 73, 'thru': 18, 'eagles': 0, 'birdies': 4, 'pars': 9, 'bogeys': 5, 'double_bogeys': 0, 'other_scores': 0, 'holes_in_one': 0, 'sequence': 2}, {'score': 0, 'strokes': 72, 'thru': 18, 'eagles': 0, 'birdies': 3, 'pars': 13, 'bogeys': 1, 'double_bogeys': 1, 'other_scores': 0, 'holes_in_one': 0, 'sequence': 3}, {'score': 1, 'strokes': 10, 'thru': 2, 'eagles': 0, 'birdies': 0, 'pars': 1, 'bogeys': 1, 'double_bogeys': 0, 'other_scores': 0, 'holes_in_one': 0, 'sequence': 4}]"
27,Adam,Hadwin,27,1,244,adamhadwin,"[{'score': -3, 'strokes': 69, 'thru': 18, 'eagles': 0, 'birdies': 5, 'pars': 11, 'bogeys': 2, 'double_bogeys': 0, 'other_scores': 0, 'holes_in_one': 0, 'sequence': 1}, {'score': 3, 'strokes': 75, 'thru': 18, 'eagles': 0, 'birdies': 3, 'pars': 10, 'bogeys': 4, 'double_bogeys': 1, 'other_scores': 0, 'holes_in_one': 0, 'sequence': 2}, {'score': 0, 'strokes': 72, 'thru': 18, 'eagles': 0, 'birdies': 4, 'pars': 11, 'bogeys': 2, 'double_bogeys': 1, 'other_scores': 0, 'holes_in_one': 0, 'sequence': 3}, {'score': 1, 'strokes': 28, 'thru': 7, 'eagles': 0, 'birdies': 1, 'pars': 4, 'bogeys': 2, 'double_bogeys': 0, 'other_scores': 0, 'holes_in_one': 0, 'sequence': 4}]"
28,Hao-Tong,Li,27,1,244,hao-tongli,"[{'score': -3, 'strokes': 69, 'thru': 18, 'eagles': 0, 'birdies': 6, 'pars': 9, 'bogeys': 3, 'double_bogeys': 0, 'other_scores': 0, 'holes_in_one': 0, 'sequence': 1}, {'score': 4, 'strokes': 76, 'thru': 18, 'eagles': 0, 'birdies': 3, 'pars': 10, 'bogeys': 3, 'double_bogeys': 2, 'other_scores': 0, 'holes_in_one': 0, 'sequence': 2}, {'score': 0, 'strokes': 72, 'thru': 18, 'eagles': 0, 'birdies': 2, 'pars': 14, 'bogeys': 2, 'double_bogeys': 0, 'other_scores': 0, 'holes_in_one': 0, 'sequence': 3}, {'score': 0, 'strokes': 27, 'thru': 7, 'eagles': 0, 'birdies': 1, 'pars': 5, 'bogeys': 1, 'double_bogeys': 0, 'other_scores': 0, 'holes_in_one': 0, 'sequence': 4}]"
29,Adam,Scott,27,1,249,adamscott,"[{'score': 3, 'strokes': 75, 'thru': 18, 'eagles': 0, 'birdies': 2, 'pars': 12, 'bogeys': 3, 'double_bogeys': 1, 'other_scores': 0, 'holes_in_one': 0, 'sequence': 1}, {'score': 1, 'strokes': 73, 'thru': 18, 'eagles': 0, 'birdies': 4, 'pars': 9, 'bogeys': 5, 'double_bogeys': 0, 'other_scores': 0, 'holes_in_one': 0, 'sequence': 2}, {'score': -2, 'strokes': 70, 'thru': 18, 'eagles': 0, 'birdies': 3, 'pars': 14, 'bogeys': 1, 'double_bogeys': 0, 'other_scores': 0, 'holes_in_one': 0, 'sequence': 3}, {'score': -1, 'strokes': 31, 'thru': 8, 'eagles': 0, 'birdies': 1, 'pars': 7, 'bogeys': 0, 'double_bogeys': 0, 'other_scores': 0, 'holes_in_one': 0, 'sequence': 4}]"
30,Satoshi,Kodaira,27,1,244,satoshikodaira,"[{'score': -1, 'strokes': 71, 'thru': 18, 'eagles': 0, 'birdies': 3, 'pars': 13, 'bogeys': 2, 'double_bogeys': 0, 'other_scores': 0, 'holes_in_one': 0, 'sequence': 1}, {'score': 2, 'strokes': 74, 'thru': 18, 'eagles': 0, 'birdies': 4, 'pars': 8, 'bogeys': 6, 'double_bogeys': 0, 'other_scores': 0, 'holes_in_one': 0, 'sequence': 2}, {'score': -1, 'strokes': 71, 'thru': 18, 'eagles': 0, 'birdies': 5, 'pars': 9, 'bogeys': 4, 'double_bogeys': 0, 'other_scores': 0, 'holes_in_one': 0, 'sequence': 3}, {'score': 1, 'strokes': 28, 'thru': 7, 'eagles': 0, 'birdies': 1, 'pars': 4, 'bogeys': 2, 'double_bogeys': 0, 'other_scores': 0, 'holes_in_one': 0, 'sequence': 4}]"
31,Phil,Mickelson,31,2,290,philmickelson,"[{'score': -2, 'strokes': 70, 'thru': 18, 'eagles': 0, 'birdies': 6, 'pars': 8, 'bogeys': 4, 'double_bogeys': 0, 'other_scores': 0, 'holes_in_one': 0, 'sequence': 1}, {'score': 7, 'strokes': 79, 'thru': 18, 'eagles': 0, 'birdies': 2, 'pars': 10, 'bogeys': 4, 'double_bogeys': 1, 'other_scores': 1, 'holes_in_one': 0, 'sequence': 2}, {'score': 2, 'strokes': 74, 'thru': 18, 'eagles': 1, 'birdies': 2, 'pars': 11, 'bogeys': 3, 'double_bogeys': 0, 'other_scores': 1, 'holes_in_one': 0, 'sequence': 3}, {'score': -5, 'strokes': 67, 'thru': 18, 'eagles': 1, 'birdies': 5, 'pars': 10, 'bogeys': 2, 'double_bogeys': 0, 'other_scores': 0, 'holes_in_one': 0, 'sequence': 4}]"
32,Bernhard,Langer,31,2,262,bernhardlanger,"[{'score': 2, 'strokes': 74, 'thru': 18, 'eagles': 0, 'birdies': 1, 'pars': 14, 'bogeys': 3, 'double_bogeys': 0, 'other_scores': 0, 'holes_in_one': 0, 'sequence': 1}, {'score': 2, 'strokes': 74, 'thru': 18, 'eagles': 0, 'birdies': 3, 'pars': 10, 'bogeys': 5, 'double_bogeys': 0, 'other_scores': 0, 'holes_in_one': 0, 'sequence': 2}, {'score': -1, 'strokes': 71, 'thru': 18, 'eagles': 0, 'birdies': 2, 'pars': 15, 'bogeys': 1, 'double_bogeys': 0, 'other_scores': 0, 'holes_in_one': 0, 'sequence': 3}, {'score': -1, 'strokes': 43, 'thru': 11, 'eagles': 0, 'birdies': 3, 'pars': 6, 'bogeys': 2, 'double_bogeys': 0, 'other_scores': 0, 'holes_in_one': 0, 'sequence': 4}]"
33,Rafael,Cabrera-Bello,31,2,265,rafaelcabrera-bello,"[{'score': -3, 'strokes': 69, 'thru': 18, 'eagles': 0, 'birdies': 6, 'pars': 10, 'bogeys': 1, 'double_bogeys': 1, 'other_scores': 0, 'holes_in_one': 0, 'sequence': 1}, {'score': 4, 'strokes': 76, 'thru': 18, 'eagles': 0, 'birdies': 4, 'pars': 7, 'bogeys': 6, 'double_bogeys': 1, 'other_scores': 0, 'holes_in_one': 0, 'sequence': 2}, {'score': 2, 'strokes': 74, 'thru': 18, 'eagles': 0, 'birdies': 3, 'pars': 10, 'bogeys': 5, 'double_bogeys': 0, 'other_scores': 0, 'holes_in_one': 0, 'sequence': 3}, {'score': -1, 'strokes': 46, 'thru': 12, 'eagles': 0, 'birdies': 3, 'pars': 7, 'bogeys': 2, 'double_bogeys': 0, 'other_scores': 0, 'holes_in_one': 0, 'sequence': 4}]"
34,Francesco,Molinari,31,2,241,francescomolinari,"[{'score': 0, 'strokes': 72, 'thru': 18, 'eagles': 0, 'birdies': 3, 'pars': 12, 'bogeys': 3, 'double_bogeys': 0, 'other_scores': 0, 'holes_in_one': 0, 'sequence': 1}, {'score': 2, 'strokes': 74, 'thru': 18, 'eagles': 0, 'birdies': 3, 'pars': 11, 'bogeys': 3, 'double_bogeys': 1, 'other_scores': 0, 'holes_in_one': 0, 'sequence': 2}, {'score': -2, 'strokes': 70, 'thru': 18, 'eagles': 0, 'birdies': 4, 'pars': 12, 'bogeys': 2, 'double_bogeys': 0, 'other_scores': 0, 'holes_in_one': 0, 'sequence': 3}, {'score': 2, 'strokes': 25, 'thru': 6, 'eagles': 0, 'birdies': 1, 'pars': 2, 'bogeys': 3, 'double_bogeys': 0, 'other_scores': 0, 'holes_in_one': 0, 'sequence': 4}]"
35,Zach,Johnson,31,2,258,zachjohnson,"[{'score': -2, 'strokes': 70, 'thru': 18, 'eagles': 0, 'birdies': 5, 'pars': 10, 'bogeys': 3, 'double_bogeys': 0, 'other_scores': 0, 'holes_in_one': 0, 'sequence': 1}, {'score': 2, 'strokes': 74, 'thru': 18, 'eagles': 0, 'birdies': 2, 'pars': 12, 'bogeys': 4, 'double_bogeys': 0, 'other_scores': 0, 'holes_in_one': 0, 'sequence': 2}, {'score': 2, 'strokes': 74, 'thru': 18, 'eagles': 0, 'birdies': 3, 'pars': 11, 'bogeys': 3, 'double_bogeys': 1, 'other_scores': 0, 'holes_in_one': 0, 'sequence': 3}, {'score': 0, 'strokes': 40, 'thru': 10, 'eagles': 0, 'birdies': 3, 'pars': 4, 'bogeys': 3, 'double_bogeys': 0, 'other_scores': 0, 'holes_in_one': 0, 'sequence': 4}]"
36,Kevin,Kisner,31,2,241,kevinkisner,"[{'score': 0, 'strokes': 72, 'thru': 18, 'eagles': 0, 'birdies': 5, 'pars': 9, 'bogeys': 3, 'double_bogeys': 1, 'other_scores': 0, 'holes_in_one': 0, 'sequence': 1}, {'score': 3, 'strokes': 75, 'thru': 18, 'eagles': 0, 'birdies': 3, 'pars': 10, 'bogeys': 4, 'double_bogeys': 1, 'other_scores': 0, 'holes_in_one': 0, 'sequence': 2}, {'score': -3, 'strokes': 69, 'thru': 18, 'eagles': 0, 'birdies': 4, 'pars': 13, 'bogeys': 1, 'double_bogeys': 0, 'other_scores': 0, 'holes_in_one': 0, 'sequence': 3}, {'score': 2, 'strokes': 25, 'thru': 6, 'eagles': 0, 'birdies': 1, 'pars': 2, 'bogeys': 3, 'double_bogeys': 0, 'other_scores': 0, 'holes_in_one': 0, 'sequence': 4}]"
37,Branden,Grace,31,2,270,brandengrace,"[{'score': 1, 'strokes': 73, 'thru': 18, 'eagles': 0, 'birdies': 4, 'pars': 9, 'bogeys': 5, 'double_bogeys': 0, 'other_scores': 0, 'holes_in_one': 0, 'sequence': 1}, {'score': 1, 'strokes': 73, 'thru': 18, 'eagles': 0, 'birdies': 4, 'pars': 9, 'bogeys': 5, 'double_bogeys': 0, 'other_scores': 0, 'holes_in_one': 0, 'sequence': 2}, {'score': 2, 'strokes': 74, 'thru': 18, 'eagles': 0, 'birdies': 1, 'pars': 14, 'bogeys': 3, 'double_bogeys': 0, 'other_scores': 0, 'holes_in_one': 0, 'sequence': 3}, {'score': -2, 'strokes': 50, 'thru': 13, 'eagles': 0, 'birdies': 3, 'pars': 9, 'bogeys': 1, 'double_bogeys': 0, 'other_scores': 0, 'holes_in_one': 0, 'sequence': 4}]"
38,Ryan,Moore,31,2,254,ryanmoore,"[{'score': 2, 'strokes': 74, 'thru': 18, 'eagles': 0, 'birdies': 5, 'pars': 7, 'bogeys': 5, 'double_bogeys': 1, 'other_scores': 0, 'holes_in_one': 0, 'sequence': 1}, {'score': 0, 'strokes': 72, 'thru': 18, 'eagles': 0, 'birdies': 3, 'pars': 12, 'bogeys': 3, 'double_bogeys': 0, 'other_scores': 0, 'holes_in_one': 0, 'sequence': 2}, {'score': 0, 'strokes': 72, 'thru': 18, 'eagles': 0, 'birdies': 3, 'pars': 12, 'bogeys': 3, 'double_bogeys': 0, 'other_scores': 0, 'holes_in_one': 0, 'sequence': 3}, {'score': 0, 'strokes': 36, 'thru': 9, 'eagles': 0, 'birdies': 1, 'pars': 7, 'bogeys': 1, 'double_bogeys': 0, 'other_scores': 0, 'holes_in_one': 0, 'sequence': 4}]"
39,Fred,Couples,39,3,263,fredcouples,"[{'score': 0, 'strokes': 72, 'thru': 18, 'eagles': 0, 'birdies': 3, 'pars': 12, 'bogeys': 3, 'double_bogeys': 0, 'other_scores': 0, 'holes_in_one': 0, 'sequence': 1}, {'score': 2, 'strokes': 74, 'thru': 18, 'eagles': 0, 'birdies': 4, 'pars': 10, 'bogeys': 3, 'double_bogeys': 0, 'other_scores': 1, 'holes_in_one': 0, 'sequence': 2}, {'score': 1, 'strokes': 73, 'thru': 18, 'eagles': 0, 'birdies': 0, 'pars': 17, 'bogeys': 1, 'double_bogeys': 0, 'other_scores': 0, 'holes_in_one': 0, 'sequence': 3}, {'score': 0, 'strokes': 44, 'thru': 11, 'eagles': 0, 'birdies': 1, 'pars': 9, 'bogeys': 1, 'double_bogeys': 0, 'other_scores': 0, 'holes_in_one': 0, 'sequence': 4}]"
40,Brian,Harman,40,4,292,brianharman,"[{'score': 1, 'strokes': 73, 'thru': 18, 'eagles': 0, 'birdies': 4, 'pars': 11, 'bogeys': 1, 'double_bogeys': 2, 'other_scores': 0, 'holes_in_one': 0, 'sequence': 1}, {'score': 2, 'strokes': 74, 'thru': 18, 'eagles': 0, 'birdies': 4, 'pars': 9, 'bogeys': 4, 'double_bogeys': 1, 'other_scores': 0, 'holes_in_one': 0, 'sequence': 2}, {'score': 4, 'strokes': 76, 'thru': 18, 'eagles': 0, 'birdies': 3, 'pars': 8, 'bogeys': 7, 'double_bogeys': 0, 'other_scores': 0, 'holes_in_one': 0, 'sequence': 3}, {'score': -3, 'strokes': 69, 'thru': 18, 'eagles': 0, 'birdies': 5, 'pars': 11, 'bogeys': 2, 'double_bogeys': 0, 'other_scores': 0, 'holes_in_one': 0, 'sequence': 4}]"
41,Tiger,Woods,40,4,267,tigerwoods,"[{'score': 1, 'strokes': 73, 'thru': 18, 'eagles': 0, 'birdies': 3, 'pars': 11, 'bogeys': 4, 'double_bogeys': 0, 'other_scores': 0, 'holes_in_one': 0, 'sequence': 1}, {'score': 3, 'strokes': 75, 'thru': 18, 'eagles': 0, 'birdies': 2, 'pars': 12, 'bogeys': 3, 'double_bogeys': 1, 'other_scores': 0, 'holes_in_one': 0, 'sequence': 2}, {'score': 0, 'strokes': 72, 'thru': 18, 'eagles': 0, 'birdies': 3, 'pars': 12, 'bogeys': 3, 'double_bogeys': 0, 'other_scores': 0, 'holes_in_one': 0, 'sequence': 3}, {'score': 0, 'strokes': 47, 'thru': 12, 'eagles': 0, 'birdies': 3, 'pars': 6, 'bogeys': 3, 'double_bogeys': 0, 'other_scores': 0, 'holes_in_one': 0, 'sequence': 4}]"
42,Ian,Poulter,40,4,292,ianpoulter,"[{'score': 2, 'strokes': 74, 'thru': 18, 'eagles': 0, 'birdies': 3, 'pars': 10, 'bogeys': 5, 'double_bogeys': 0, 'other_scores': 0, 'holes_in_one': 0, 'sequence': 1}, {'score': 3, 'strokes': 75, 'thru': 18, 'eagles': 0, 'birdies': 5, 'pars': 6, 'bogeys': 6, 'double_bogeys': 1, 'other_scores': 0, 'holes_in_one': 0, 'sequence': 2}, {'score': 2, 'strokes': 74, 'thru': 18, 'eagles': 0, 'birdies': 3, 'pars': 10, 'bogeys': 5, 'double_bogeys': 0, 'other_scores': 0, 'holes_in_one': 0, 'sequence': 3}, {'score': -3, 'strokes': 69, 'thru': 18, 'eagles': 0, 'birdies': 7, 'pars': 8, 'bogeys': 2, 'double_bogeys': 1, 'other_scores': 0, 'holes_in_one': 0, 'sequence': 4}]"
43,Martin,Kaymer,40,4,281,martinkaymer,"[{'score': 2, 'strokes': 74, 'thru': 18, 'eagles': 0, 'birdies': 4, 'pars': 8, 'bogeys': 6, 'double_bogeys': 0, 'other_scores': 0, 'holes_in_one': 0, 'sequence': 1}, {'score': 1, 'strokes': 73, 'thru': 18, 'eagles': 0, 'birdies': 5, 'pars': 9, 'bogeys': 2, 'double_bogeys': 2, 'other_scores': 0, 'holes_in_one': 0, 'sequence': 2}, {'score': 2, 'strokes': 74, 'thru': 18, 'eagles': 0, 'birdies': 2, 'pars': 12, 'bogeys': 4, 'double_bogeys': 0, 'other_scores': 0, 'holes_in_one': 0, 'sequence': 3}, {'score': -1, 'strokes': 60, 'thru': 15, 'eagles': 0, 'birdies': 2, 'pars': 12, 'bogeys': 1, 'double_bogeys': 0, 'other_scores': 0, 'holes_in_one': 0, 'sequence': 4}]"
44,Jhonattan,Vegas,40,4,256,jhonattanvegas,"[{'score': 5, 'strokes': 77, 'thru': 18, 'eagles': 0, 'birdies': 1, 'pars': 11, 'bogeys': 6, 'double_bogeys': 0, 'other_scores': 0, 'holes_in_one': 0, 'sequence': 1}, {'score': -3, 'strokes': 69, 'thru': 18, 'eagles': 0, 'birdies': 7, 'pars': 7, 'bogeys': 4, 'double_bogeys': 0, 'other_scores': 0, 'holes_in_one': 0, 'sequence': 2}, {'score': 0, 'strokes': 72, 'thru': 18, 'eagles': 0, 'birdies': 2, 'pars': 14, 'bogeys': 2, 'double_bogeys': 0, 'other_scores': 0, 'holes_in_one': 0, 'sequence': 3}, {'score': 2, 'strokes': 38, 'thru': 9, 'eagles': 0, 'birdies': 1, 'pars': 6, 'bogeys': 1, 'double_bogeys': 1, 'other_scores': 0, 'holes_in_one': 0, 'sequence': 4}]"
45,Daniel,Berger,45,5,253,danielberger,"[{'score': 1, 'strokes': 73, 'thru': 18, 'eagles': 0, 'birdies': 3, 'pars': 11, 'bogeys': 4, 'double_bogeys': 0, 'other_scores': 0, 'holes_in_one': 0, 'sequence': 1}, {'score': 2, 'strokes': 74, 'thru': 18, 'eagles': 0, 'birdies': 5, 'pars': 8, 'bogeys': 3, 'double_bogeys': 2, 'other_scores': 0, 'holes_in_one': 0, 'sequence': 2}, {'score': -1, 'strokes': 71, 'thru': 18, 'eagles': 0, 'birdies': 4, 'pars': 11, 'bogeys': 3, 'double_bogeys': 0, 'other_scores': 0, 'holes_in_one': 0, 'sequence': 3}, {'score': 3, 'strokes': 35, 'thru': 8, 'eagles': 0, 'birdies': 0, 'pars': 6, 'bogeys': 1, 'double_bogeys': 1, 'other_scores': 0, 'holes_in_one': 0, 'sequence': 4}]"
46,Tyrrell,Hatton,45,5,289,tyrrellhatton,"[{'score': 2, 'strokes': 74, 'thru': 18, 'eagles': 1, 'birdies': 1, 'pars': 12, 'bogeys': 3, 'double_bogeys': 1, 'other_scores': 0, 'holes_in_one': 0, 'sequence': 1}, {'score': 3, 'strokes': 75, 'thru': 18, 'eagles': 0, 'birdies': 1, 'pars': 13, 'bogeys': 4, 'double_bogeys': 0, 'other_scores': 0, 'holes_in_one': 0, 'sequence': 2}, {'score': 1, 'strokes': 73, 'thru': 18, 'eagles': 0, 'birdies': 3, 'pars': 11, 'bogeys': 4, 'double_bogeys': 0, 'other_scores': 0, 'holes_in_one': 0, 'sequence': 3}, {'score': -1, 'strokes': 67, 'thru': 17, 'eagles': 0, 'birdies': 5, 'pars': 9, 'bogeys': 2, 'double_bogeys': 1, 'other_scores': 0, 'holes_in_one': 0, 'sequence': 4}]"
47,Xander,Schauffele,45,5,277,xanderschauffele,"[{'score': -1, 'strokes': 71, 'thru': 18, 'eagles': 0, 'birdies': 2, 'pars': 15, 'bogeys': 1, 'double_bogeys': 0, 'other_scores': 0, 'holes_in_one': 0, 'sequence': 1}, {'score': 6, 'strokes': 78, 'thru': 18, 'eagles': 0, 'birdies': 1, 'pars': 10, 'bogeys': 7, 'double_bogeys': 0, 'other_scores': 0, 'holes_in_one': 0, 'sequence': 2}, {'score': 0, 'strokes': 72, 'thru': 18, 'eagles': 0, 'birdies': 3, 'pars': 13, 'bogeys': 1, 'double_bogeys': 1, 'other_scores': 0, 'holes_in_one': 0, 'sequence': 3}, {'score': 0, 'strokes': 56, 'thru': 14, 'eagles': 0, 'birdies': 2, 'pars': 11, 'bogeys': 0, 'double_bogeys': 1, 'other_scores': 0, 'holes_in_one': 0, 'sequence': 4}]"
48,Bryson,DeChambeau,45,5,273,brysondechambeau,"[{'score': 2, 'strokes': 74, 'thru': 18, 'eagles': 0, 'birdies': 1, 'pars': 14, 'bogeys': 3, 'double_bogeys': 0, 'other_scores': 0, 'holes_in_one': 0, 'sequence': 1}, {'score': 2, 'strokes': 74, 'thru': 18, 'eagles': 0, 'birdies': 2, 'pars': 12, 'bogeys': 4, 'double_bogeys': 0, 'other_scores': 0, 'holes_in_one': 0, 'sequence': 2}, {'score': 0, 'strokes': 72, 'thru': 18, 'eagles': 0, 'birdies': 4, 'pars': 10, 'bogeys': 4, 'double_bogeys': 0, 'other_scores': 0, 'holes_in_one': 0, 'sequence': 3}, {'score': 1, 'strokes': 53, 'thru': 13, 'eagles': 0, 'birdies': 3, 'pars': 6, 'bogeys': 4, 'double_bogeys': 0, 'other_scores': 0, 'holes_in_one': 0, 'sequence': 4}]"
49,Kiradech,Aphibarnrat,45,5,277,kiradechaphibarnrat,"[{'score': 7, 'strokes': 79, 'thru': 18, 'eagles': 0, 'birdies': 1, 'pars': 9, 'bogeys': 8, 'double_bogeys': 0, 'other_scores': 0, 'holes_in_one': 0, 'sequence': 1}, {'score': -2, 'strokes': 70, 'thru': 18, 'eagles': 1, 'birdies': 3, 'pars': 11, 'bogeys': 3, 'double_bogeys': 0, 'other_scores': 0, 'holes_in_one': 0, 'sequence': 2}, {'score': 0, 'strokes': 72, 'thru': 18, 'eagles': 0, 'birdies': 3, 'pars': 13, 'bogeys': 1, 'double_bogeys': 1, 'other_scores': 0, 'holes_in_one': 0, 'sequence': 3}, {'score': 0, 'strokes': 56, 'thru': 14, 'eagles': 0, 'birdies': 3, 'pars': 8, 'bogeys': 3, 'double_bogeys': 0, 'other_scores': 0, 'holes_in_one': 0, 'sequence': 4}]"
50,Vijay,Singh,50,7,295,vijaysingh,"[{'score': -1, 'strokes': 71, 'thru': 18, 'eagles': 0, 'birdies': 5, 'pars': 9, 'bogeys': 4, 'double_bogeys': 0, 'other_scores': 0, 'holes_in_one': 0, 'sequence': 1}, {'score': 2, 'strokes': 74, 'thru': 18, 'eagles': 0, 'birdies': 4, 'pars': 8, 'bogeys': 6, 'double_bogeys': 0, 'other_scores': 0, 'holes_in_one': 0, 'sequence': 2}, {'score': 7, 'strokes': 79, 'thru': 18, 'eagles': 0, 'birdies': 0, 'pars': 12, 'bogeys': 5, 'double_bogeys': 1, 'other_scores': 0, 'holes_in_one': 0, 'sequence': 3}, {'score': -1, 'strokes': 71, 'thru': 18, 'eagles': 0, 'birdies': 4, 'pars': 12, 'bogeys': 1, 'double_bogeys': 1, 'other_scores': 0, 'holes_in_one': 0, 'sequence': 4}]"
51,Kyle,Stanley,51,8,280,kylestanley,"[{'score': 0, 'strokes': 72, 'thru': 18, 'eagles': 0, 'birdies': 1, 'pars': 16, 'bogeys': 1, 'double_bogeys': 0, 'other_scores': 0, 'holes_in_one': 0, 'sequence': 1}, {'score': 2, 'strokes': 74, 'thru': 18, 'eagles': 0, 'birdies': 4, 'pars': 9, 'bogeys': 4, 'double_bogeys': 1, 'other_scores': 0, 'holes_in_one': 0, 'sequence': 2}, {'score': 3, 'strokes': 75, 'thru': 18, 'eagles': 0, 'birdies': 1, 'pars': 14, 'bogeys': 2, 'double_bogeys': 1, 'other_scores': 0, 'holes_in_one': 0, 'sequence': 3}, {'score': 3, 'strokes': 59, 'thru': 14, 'eagles': 0, 'birdies': 1, 'pars': 9, 'bogeys': 4, 'double_bogeys': 0, 'other_scores': 0, 'holes_in_one': 0, 'sequence': 4}]"
52,Doug,Ghim,52,9,289,dougghim,"[{'score': 0, 'strokes': 72, 'thru': 18, 'eagles': 2, 'birdies': 1, 'pars': 11, 'bogeys': 3, 'double_bogeys': 1, 'other_scores': 0, 'holes_in_one': 0, 'sequence': 1}, {'score': 4, 'strokes': 76, 'thru': 18, 'eagles': 0, 'birdies': 3, 'pars': 10, 'bogeys': 3, 'double_bogeys': 2, 'other_scores': 0, 'holes_in_one': 0, 'sequence': 2}, {'score': 2, 'strokes': 74, 'thru': 18, 'eagles': 1, 'birdies': 2, 'pars': 9, 'bogeys': 6, 'double_bogeys': 0, 'other_scores': 0, 'holes_in_one': 0, 'sequence': 3}, {'score': 3, 'strokes': 67, 'thru': 16, 'eagles': 0, 'birdies': 3, 'pars': 7, 'bogeys': 6, 'double_bogeys': 0, 'other_scores': 0, 'holes_in_one': 0, 'sequence': 4}]"
53,Chez,Reavie,53,10,298,chezreavie,"[{'score': 4, 'strokes': 76, 'thru': 18, 'eagles': 0, 'birdies': 2, 'pars': 11, 'bogeys': 4, 'double_bogeys': 1, 'other_scores': 0, 'holes_in_one': 0, 'sequence': 1}, {'score': -1, 'strokes': 71, 'thru': 18, 'eagles': 0, 'birdies': 4, 'pars': 11, 'bogeys': 3, 'double_bogeys': 0, 'other_scores': 0, 'holes_in_one': 0, 'sequence': 2}, {'score': 3, 'strokes': 75, 'thru': 18, 'eagles': 0, 'birdies': 3, 'pars': 10, 'bogeys': 4, 'double_bogeys': 1, 'other_scores': 0, 'holes_in_one': 0, 'sequence': 3}, {'score': 4, 'strokes': 76, 'thru': 18, 'eagles': 0, 'birdies': 2, 'pars': 13, 'bogeys': 2, 'double_bogeys': 0, 'other_scores': 1, 'holes_in_one': 0, 'sequence': 4}]"
54,Jason,Dufner,54,6,150,jasondufner,"[{'score': 1, 'strokes': 73, 'thru': 18, 'eagles': 0, 'birdies': 1, 'pars': 15, 'bogeys': 2, 'double_bogeys': 0, 'other_scores': 0, 'holes_in_one': 0, 'sequence': 1}, {'score': 5, 'strokes': 77, 'thru': 18, 'eagles': 0, 'birdies': 2, 'pars': 11, 'bogeys': 3, 'double_bogeys': 2, 'other_scores': 0, 'holes_in_one': 0, 'sequence': 2}]"
55,Jose Maria,Olazabal,54,6,150,josemariaolazabal,"[{'score': 2, 'strokes': 74, 'thru': 18, 'eagles': 0, 'birdies': 2, 'pars': 12, 'bogeys': 4, 'double_bogeys': 0, 'other_scores': 0, 'holes_in_one': 0, 'sequence': 1}, {'score': 4, 'strokes': 76, 'thru': 18, 'eagles': 0, 'birdies': 1, 'pars': 13, 'bogeys': 3, 'double_bogeys': 1, 'other_scores': 0, 'holes_in_one': 0, 'sequence': 2}]"
56,Sandy,Lyle,54,6,150,sandylyle,"[{'score': 2, 'strokes': 74, 'thru': 18, 'eagles': 1, 'birdies': 2, 'pars': 9, 'bogeys': 6, 'double_bogeys': 0, 'other_scores': 0, 'holes_in_one': 0, 'sequence': 1}, {'score': 4, 'strokes': 76, 'thru': 18, 'eagles': 0, 'birdies': 3, 'pars': 9, 'bogeys': 5, 'double_bogeys': 1, 'other_scores': 0, 'holes_in_one': 0, 'sequence': 2}]"
57,Charl,Schwartzel,54,6,150,charlschwartzel,"[{'score': 0, 'strokes': 72, 'thru': 18, 'eagles': 0, 'birdies': 3, 'pars': 13, 'bogeys': 1, 'double_bogeys': 1, 'other_scores': 0, 'holes_in_one': 0, 'sequence': 1}, {'score': 6, 'strokes': 78, 'thru': 18, 'eagles': 0, 'birdies': 2, 'pars': 10, 'bogeys': 4, 'double_bogeys': 2, 'other_scores': 0, 'holes_in_one': 0, 'sequence': 2}]"
58,Shubhankar,Sharma,58,7,151,shubhankarsharma,"[{'score': 5, 'strokes': 77, 'thru': 18, 'eagles': 0, 'birdies': 3, 'pars': 7, 'bogeys': 8, 'double_bogeys': 0, 'other_scores': 0, 'holes_in_one': 0, 'sequence': 1}, {'score': 2, 'strokes': 74, 'thru': 18, 'eagles': 0, 'birdies': 1, 'pars': 14, 'bogeys': 3, 'double_bogeys': 0, 'other_scores': 0, 'holes_in_one': 0, 'sequence': 2}]"
59,Ted,Potter,58,7,151,tedpotter,"[{'score': 1, 'strokes': 73, 'thru': 18, 'eagles': 0, 'birdies': 5, 'pars': 8, 'bogeys': 4, 'double_bogeys': 1, 'other_scores': 0, 'holes_in_one': 0, 'sequence': 1}, {'score': 6, 'strokes': 78, 'thru': 18, 'eagles': 0, 'birdies': 2, 'pars': 10, 'bogeys': 4, 'double_bogeys': 2, 'other_scores': 0, 'holes_in_one': 0, 'sequence': 2}]"
60,Thomas,Pieters,58,7,151,thomaspieters,"[{'score': 1, 'strokes': 73, 'thru': 18, 'eagles': 0, 'birdies': 3, 'pars': 11, 'bogeys': 4, 'double_bogeys': 0, 'other_scores': 0, 'holes_in_one': 0, 'sequence': 1}, {'score': 6, 'strokes': 78, 'thru': 18, 'eagles': 0, 'birdies': 3, 'pars': 8, 'bogeys': 5, 'double_bogeys': 2, 'other_scores': 0, 'holes_in_one': 0, 'sequence': 2}]"
61,Patrick,Cantlay,58,7,151,patrickcantlay,"[{'score': 3, 'strokes': 75, 'thru': 18, 'eagles': 0, 'birdies': 3, 'pars': 11, 'bogeys': 2, 'double_bogeys': 2, 'other_scores': 0, 'holes_in_one': 0, 'sequence': 1}, {'score': 4, 'strokes': 76, 'thru': 18, 'eagles': 0, 'birdies': 2, 'pars': 10, 'bogeys': 6, 'double_bogeys': 0, 'other_scores': 0, 'holes_in_one': 0, 'sequence': 2}]"
62,Dylan,Frittelli,58,7,151,dylanfrittelli,"[{'score': 5, 'strokes': 77, 'thru': 18, 'eagles': 0, 'birdies': 2, 'pars': 12, 'bogeys': 2, 'double_bogeys': 1, 'other_scores': 1, 'holes_in_one': 0, 'sequence': 1}, {'score': 2, 'strokes': 74, 'thru': 18, 'eagles': 0, 'birdies': 2, 'pars': 12, 'bogeys': 4, 'double_bogeys': 0, 'other_scores': 0, 'holes_in_one': 0, 'sequence': 2}]"
63,Danny,Willett,58,7,151,dannywillett,"[{'score': 3, 'strokes': 75, 'thru': 18, 'eagles': 0, 'birdies': 3, 'pars': 10, 'bogeys': 4, 'double_bogeys': 1, 'other_scores': 0, 'holes_in_one': 0, 'sequence': 1}, {'score': 4, 'strokes': 76, 'thru': 18, 'eagles': 0, 'birdies': 2, 'pars': 10, 'bogeys': 6, 'double_bogeys': 0, 'other_scores': 0, 'holes_in_one': 0, 'sequence': 2}]"
64,Brendan,Steele,58,7,151,brendansteele,"[{'score': 4, 'strokes': 76, 'thru': 18, 'eagles': 0, 'birdies': 3, 'pars': 8, 'bogeys': 7, 'double_bogeys': 0, 'other_scores': 0, 'holes_in_one': 0, 'sequence': 1}, {'score': 3, 'strokes': 75, 'thru': 18, 'eagles': 0, 'birdies': 3, 'pars': 9, 'bogeys': 6, 'double_bogeys': 0, 'other_scores': 0, 'holes_in_one': 0, 'sequence': 2}]"
65,Patton,Kizzire,65,8,152,pattonkizzire,"[{'score': 4, 'strokes': 76, 'thru': 18, 'eagles': 0, 'birdies': 4, 'pars': 8, 'bogeys': 4, 'double_bogeys': 2, 'other_scores': 0, 'holes_in_one': 0, 'sequence': 1}, {'score': 4, 'strokes': 76, 'thru': 18, 'eagles': 0, 'birdies': 1, 'pars': 13, 'bogeys': 3, 'double_bogeys': 1, 'other_scores': 0, 'holes_in_one': 0, 'sequence': 2}]"
66,Wesley,Bryan,65,8,152,wesleybryan,"[{'score': 2, 'strokes': 74, 'thru': 18, 'eagles': 0, 'birdies': 2, 'pars': 12, 'bogeys': 4, 'double_bogeys': 0, 'other_scores': 0, 'holes_in_one': 0, 'sequence': 1}, {'score': 6, 'strokes': 78, 'thru': 18, 'eagles': 0, 'birdies': 0, 'pars': 12, 'bogeys': 6, 'double_bogeys': 0, 'other_scores': 0, 'holes_in_one': 0, 'sequence': 2}]"
67,Ross,Fisher,65,8,152,rossfisher,"[{'score': 6, 'strokes': 78, 'thru': 18, 'eagles': 0, 'birdies': 4, 'pars': 7, 'bogeys': 4, 'double_bogeys': 3, 'other_scores': 0, 'holes_in_one': 0, 'sequence': 1}, {'score': 2, 'strokes': 74, 'thru': 18, 'eagles': 1, 'birdies': 2, 'pars': 10, 'bogeys': 4, 'double_bogeys': 1, 'other_scores': 0, 'holes_in_one': 0, 'sequence': 2}]"
68,Pat,Perez,65,8,152,patperez,"[{'score': 1, 'strokes': 73, 'thru': 18, 'eagles': 0, 'birdies': 3, 'pars': 11, 'bogeys': 4, 'double_bogeys': 0, 'other_scores': 0, 'holes_in_one': 0, 'sequence': 1}, {'score': 7, 'strokes': 79, 'thru': 18, 'eagles': 0, 'birdies': 0, 'pars': 12, 'bogeys': 5, 'double_bogeys': 1, 'other_scores': 0, 'holes_in_one': 0, 'sequence': 2}]"
69,Trevor,Immelman,69,9,153,trevorimmelman,"[{'score': 6, 'strokes': 78, 'thru': 18, 'eagles': 0, 'birdies': 2, 'pars': 9, 'bogeys': 6, 'double_bogeys': 1, 'other_scores': 0, 'holes_in_one': 0, 'sequence': 1}, {'score': 3, 'strokes': 75, 'thru': 18, 'eagles': 0, 'birdies': 2, 'pars': 11, 'bogeys': 5, 'double_bogeys': 0, 'other_scores': 0, 'holes_in_one': 0, 'sequence': 2}]"
70,Alexander,Noren,69,9,153,alexandernoren,"[{'score': 2, 'strokes': 74, 'thru': 18, 'eagles': 0, 'birdies': 2, 'pars': 12, 'bogeys': 4, 'double_bogeys': 0, 'other_scores': 0, 'holes_in_one': 0, 'sequence': 1}, {'score': 7, 'strokes': 79, 'thru': 18, 'eagles': 0, 'birdies': 1, 'pars': 12, 'bogeys': 3, 'double_bogeys': 1, 'other_scores': 1, 'holes_in_one': 0, 'sequence': 2}]"
71,Joaquin,Niemann,69,9,153,joaquinniemann,"[{'score': 4, 'strokes': 76, 'thru': 18, 'eagles': 0, 'birdies': 2, 'pars': 10, 'bogeys': 6, 'double_bogeys': 0, 'other_scores': 0, 'holes_in_one': 0, 'sequence': 1}, {'score': 5, 'strokes': 77, 'thru': 18, 'eagles': 0, 'birdies': 4, 'pars': 6, 'bogeys': 7, 'double_bogeys': 1, 'other_scores': 0, 'holes_in_one': 0, 'sequence': 2}]"
72,Doc,Redman,69,9,153,docredman,"[{'score': 4, 'strokes': 76, 'thru': 18, 'eagles': 0, 'birdies': 2, 'pars': 10, 'bogeys': 6, 'double_bogeys': 0, 'other_scores': 0, 'holes_in_one': 0, 'sequence': 1}, {'score': 5, 'strokes': 77, 'thru': 18, 'eagles': 0, 'birdies': 3, 'pars': 9, 'bogeys': 4, 'double_bogeys': 2, 'other_scores': 0, 'holes_in_one': 0, 'sequence': 2}]"
73,Kevin,Chappell,69,9,153,kevinchappell,"[{'score': 5, 'strokes': 77, 'thru': 18, 'eagles': 0, 'birdies': 2, 'pars': 10, 'bogeys': 5, 'double_bogeys': 1, 'other_scores': 0, 'holes_in_one': 0, 'sequence': 1}, {'score': 4, 'strokes': 76, 'thru': 18, 'eagles': 0, 'birdies': 2, 'pars': 12, 'bogeys': 2, 'double_bogeys': 2, 'other_scores': 0, 'holes_in_one': 0, 'sequence': 2}]"
74,Yuta,Ikeda,69,9,153,yutaikeda,"[{'score': 4, 'strokes': 76, 'thru': 18, 'eagles': 0, 'birdies': 4, 'pars': 8, 'bogeys': 4, 'double_bogeys': 2, 'other_scores': 0, 'holes_in_one': 0, 'sequence': 1}, {'score': 5, 'strokes': 77, 'thru': 18, 'eagles': 0, 'birdies': 4, 'pars': 7, 'bogeys': 6, 'double_bogeys': 0, 'other_scores': 1, 'holes_in_one': 0, 'sequence': 2}]"
75,Yusaku,Miyazato,75,10,154,yusakumiyazato,"[{'score': 5, 'strokes': 77, 'thru': 18, 'eagles': 0, 'birdies': 2, 'pars': 11, 'bogeys': 4, 'double_bogeys': 0, 'other_scores': 1, 'holes_in_one': 0, 'sequence': 1}, {'score': 5, 'strokes': 77, 'thru': 18, 'eagles': 0, 'birdies': 1, 'pars': 11, 'bogeys': 6, 'double_bogeys': 0, 'other_scores': 0, 'holes_in_one': 0, 'sequence': 2}]"
76,Gary,Woodland,75,10,154,garywoodland,"[{'score': 6, 'strokes': 78, 'thru': 18, 'eagles': 0, 'birdies': 2, 'pars': 8, 'bogeys': 8, 'double_bogeys': 0, 'other_scores': 0, 'holes_in_one': 0, 'sequence': 1}, {'score': 4, 'strokes': 76, 'thru': 18, 'eagles': 0, 'birdies': 2, 'pars': 12, 'bogeys': 2, 'double_bogeys': 2, 'other_scores': 0, 'holes_in_one': 0, 'sequence': 2}]"
77,Austin,Cook,75,10,154,austincook,"[{'score': 2, 'strokes': 74, 'thru': 18, 'eagles': 0, 'birdies': 4, 'pars': 8, 'bogeys': 6, 'double_bogeys': 0, 'other_scores': 0, 'holes_in_one': 0, 'sequence': 1}, {'score': 8, 'strokes': 80, 'thru': 18, 'eagles': 0, 'birdies': 1, 'pars': 8, 'bogeys': 9, 'double_bogeys': 0, 'other_scores': 0, 'holes_in_one': 0, 'sequence': 2}]"
78,Billy,Horschel,78,11,155,billyhorschel,"[{'score': 4, 'strokes': 76, 'thru': 18, 'eagles': 0, 'birdies': 3, 'pars': 8, 'bogeys': 7, 'double_bogeys': 0, 'other_scores': 0, 'holes_in_one': 0, 'sequence': 1}, {'score': 7, 'strokes': 79, 'thru': 18, 'eagles': 0, 'birdies': 1, 'pars': 9, 'bogeys': 8, 'double_bogeys': 0, 'other_scores': 0, 'holes_in_one': 0, 'sequence': 2}]"
79,Mike,Weir,78,11,155,mikeweir,"[{'score': 4, 'strokes': 76, 'thru': 18, 'eagles': 0, 'birdies': 3, 'pars': 9, 'bogeys': 5, 'double_bogeys': 1, 'other_scores': 0, 'holes_in_one': 0, 'sequence': 1}, {'score': 7, 'strokes': 79, 'thru': 18, 'eagles': 0, 'birdies': 0, 'pars': 13, 'bogeys': 3, 'double_bogeys': 2, 'other_scores': 0, 'holes_in_one': 0, 'sequence': 2}]"
80,Ian,Woosnam,78,11,155,ianwoosnam,"[{'score': 7, 'strokes': 79, 'thru': 18, 'eagles': 0, 'birdies': 0, 'pars': 12, 'bogeys': 5, 'double_bogeys': 1, 'other_scores': 0, 'holes_in_one': 0, 'sequence': 1}, {'score': 4, 'strokes': 76, 'thru': 18, 'eagles': 0, 'birdies': 3, 'pars': 10, 'bogeys': 3, 'double_bogeys': 2, 'other_scores': 0, 'holes_in_one': 0, 'sequence': 2}]"
81,Larry,Mize,81,12,156,larrymize,"[{'score': 4, 'strokes': 76, 'thru': 18, 'eagles': 0, 'birdies': 2, 'pars': 11, 'bogeys': 4, 'double_bogeys': 1, 'other_scores': 0, 'holes_in_one': 0, 'sequence': 1}, {'score': 8, 'strokes': 80, 'thru': 18, 'eagles': 0, 'birdies': 1, 'pars': 8, 'bogeys': 9, 'double_bogeys': 0, 'other_scores': 0, 'holes_in_one': 0, 'sequence': 2}]"
82,Sergio,Garcia,82,15,159,sergiogarcia,"[{'score': 9, 'strokes': 81, 'thru': 18, 'eagles': 0, 'birdies': 4, 'pars': 9, 'bogeys': 3, 'double_bogeys': 1, 'other_scores': 1, 'holes_in_one': 0, 'sequence': 1}, {'score': 6, 'strokes': 78, 'thru': 18, 'eagles': 0, 'birdies': 2, 'pars': 9, 'bogeys': 6, 'double_bogeys': 1, 'other_scores': 0, 'holes_in_one': 0, 'sequence': 2}]"
83,Angel,Cabrera,82,15,159,angelcabrera,"[{'score': 4, 'strokes': 76, 'thru': 18, 'eagles': 0, 'birdies': 3, 'pars': 8, 'bogeys': 7, 'double_bogeys': 0, 'other_scores': 0, 'holes_in_one': 0, 'sequence': 1}, {'score': 11, 'strokes': 83, 'thru': 18, 'eagles': 0, 'birdies': 2, 'pars': 5, 'bogeys': 9, 'double_bogeys': 2, 'other_scores': 0, 'holes_in_one': 0, 'sequence': 2}]"
84,Mark,O'Meara,82,15,159,marko'meara,"[{'score': 6, 'strokes': 78, 'thru': 18, 'eagles': 0, 'birdies': 4, 'pars': 8, 'bogeys': 3, 'double_bogeys': 2, 'other_scores': 1, 'holes_in_one': 0, 'sequence': 1}, {'score': 9, 'strokes': 81, 'thru': 18, 'eagles': 0, 'birdies': 0, 'pars': 10, 'bogeys': 7, 'double_bogeys': 1, 'other_scores': 0, 'holes_in_one': 0, 'sequence': 2}]"
85,Yuxin,Lin,82,15,159,yuxinlin,"[{'score': 7, 'strokes': 79, 'thru': 18, 'eagles': 0, 'birdies': 1, 'pars': 9, 'bogeys': 8, 'double_bogeys': 0, 'other_scores': 0, 'holes_in_one': 0, 'sequence': 1}, {'score': 8, 'strokes': 80, 'thru': 18, 'eagles': 0, 'birdies': 0, 'pars': 11, 'bogeys': 6, 'double_bogeys': 1, 'other_scores': 0, 'holes_in_one': 0, 'sequence': 2}]"
86,Matt,Parziale,86,16,160,mattparziale,"[{'score': 9, 'strokes': 81, 'thru': 18, 'eagles': 0, 'birdies': 3, 'pars': 5, 'bogeys': 8, 'double_bogeys': 2, 'other_scores': 0, 'holes_in_one': 0, 'sequence': 1}, {'score': 7, 'strokes': 79, 'thru': 18, 'eagles': 1, 'birdies': 0, 'pars': 10, 'bogeys': 5, 'double_bogeys': 2, 'other_scores': 0, 'holes_in_one': 0, 'sequence': 2}]"
87,Harry,Ellis,87,22,166,harryellis,"[{'score': 14, 'strokes': 86, 'thru': 18, 'eagles': 0, 'birdies': 1, 'pars': 7, 'bogeys': 6, 'double_bogeys': 3, 'other_scores': 1, 'holes_in_one': 0, 'sequence': 1}, {'score': 8, 'strokes': 80, 'thru': 18, 'eagles': 0, 'birdies': 2, 'pars': 8, 'bogeys': 6, 'double_bogeys': 2, 'other_scores': 0, 'holes_in_one': 0, 'sequence': 2}]"
